sale_id,car_brand,car_model,year,price,customer_name,sale_date
1,Toyota,Camry,2017,71458,Steven Combs,2025-02-21
2,Toyota,Camry,2013,16588,John Mason,2025-12-13
3,Ford,Fiesta,2002,33720,Breanna Jacobs,2025-12-26
4,Honda,Accord,2012,74133,Angela Daniels,2025-11-03
5,BMW,X5,2019,75077,Julia Bell,2025-12-06
6,BMW,X5,2010,49895,Taylor Bird,2025-09-24
7,BMW,320i,2003,27855,Scott Adams,2025-01-28
8,Ford,Mustang,2009,11371,Christopher Rodriguez,2025-11-20
9,Ford,Focus,2006,65399,Nicole Garcia,2025-09-19
10,BMW,320i,2002,6721,Sarah Robinson MD,2025-05-01
11,Mercedes,GLE,2009,70167,Andre Lane,2025-03-15
12,Audi,Q7,2003,30742,Colleen Hall,2025-11-04
13,Mercedes,GLA,2001,44506,Dalton Juarez,2025-02-28
14,Audi,A3,2017,73671,Anthony Cruz,2025-02-08
15,Mercedes,GLA,2022,8919,Justin Zuniga,2025-06-05
16,Audi,A4,2016,46811,Marcus Calderon,2025-12-23
17,Toyota,Corolla,2025,76656,Randy Lyons,2025-07-05
18,Audi,Q7,2021,73463,Ricky Pena,2025-05-15
19,Ford,Explorer,2021,70632,Tina Spencer,2025-07-24
20,Audi,A3,2018,72779,David Hernandez,2025-03-30
21,Mercedes,C-Class,2002,19234,Tammy Romero,2025-06-29
22,Honda,CR-V,2024,9875,Joseph Mendoza,2025-08-24
23,Ford,Fiesta,2023,26638,Tracy Brown Jr.,2025-04-16
24,Mercedes,GLA,2020,50926,Theresa Harris,2025-11-30
25,Ford,Focus,2017,51494,Matthew Fields,2025-12-02
26,Audi,Q7,2002,12207,Cory Serrano,2025-07-31
27,Mercedes,GLA,2013,67062,Tyler Sanchez,2025-01-21
28,Audi,A4,2013,38045,William Foster,2025-08-22
29,Audi,A4,2016,75639,Sharon Ponce,2025-07-22
30,Toyota,Prius,2011,66308,Andrea Jacobs,2025-09-03
31,Honda,Civic,2003,9676,Richard Leach,2025-04-12
32,Ford,Focus,2012,20850,Elizabeth Johnson,2025-09-02
33,Honda,Accord,2021,45980,Jody Cline,2025-06-21
34,Toyota,Corolla,2008,27411,Justin Blankenship,2025-03-26
35,Ford,Mustang,2004,55368,Larry Davis,2025-05-22
36,Toyota,Prius,2001,26422,Justin Bryant,2025-08-06
37,Ford,Mustang,2016,36066,Michael Martin,2025-11-28
38,Ford,Mustang,2009,42629,Susan Richards,2025-07-01
39,Ford,Focus,2008,58944,Stacey Smith,2025-12-14
40,Ford,Explorer,2003,51183,Heather Phillips,2025-09-16
41,Ford,Mustang,2004,45616,Daniel Carter,2025-03-07
42,Ford,Mustang,2010,21257,Thomas Bishop,2025-05-28
43,BMW,M3,2025,38330,Ashley Rodriguez,2025-09-23
44,Mercedes,GLA,2007,69881,Tim Huynh,2025-04-21
45,Mercedes,GLE,2000,44923,Justin Hudson,2025-07-31
46,Honda,Pilot,2020,68052,John Sanders,2025-07-09
47,Mercedes,GLE,2019,70932,Laurie Garcia,2025-08-22
48,Toyota,Prius,2004,14199,Sharon Cooper,2025-09-02
49,Audi,A4,2002,69444,Michael Castro,2025-02-05
50,Honda,Civic,2010,76928,Karen Cortez,2025-08-25
51,Audi,Q7,2022,44128,Max Mendez,2025-07-27
52,Ford,Fiesta,2018,8010,Sean Lopez,2025-05-07
53,BMW,X3,2008,79247,Sharon Nunez,2025-12-31
54,Mercedes,E-Class,2014,41294,Phyllis Ballard,2025-03-06
55,Audi,A4,2021,55392,Jennifer Cervantes,2025-09-01
56,Toyota,RAV4,2013,22384,Lisa Davis,2025-02-16
57,Honda,Pilot,2009,58711,Chelsea Allen,2025-04-06
58,Mercedes,GLA,2006,8171,Mr. Timothy Olson,2025-04-12
59,BMW,320i,2020,49497,Julie Banks,2025-09-09
60,Toyota,Camry,2006,78688,Sherry Wright,2025-01-03
61,Mercedes,C-Class,2009,67846,Nicholas Douglas,2025-11-10
62,Ford,Explorer,2019,30256,Jonathan Higgins,2025-11-02
63,Honda,Accord,2022,77183,Mr. Jeremy Turner PhD,2025-12-06
64,Audi,Q7,2010,65084,Tracy Stuart,2025-01-09
65,Audi,A3,2005,46877,Cody Johnson,2025-01-27
66,Ford,Focus,2007,26561,Jacob Chavez,2025-01-30
67,Mercedes,GLA,2026,64417,Nicole Reese,2025-01-04
68,Toyota,Corolla,2002,23600,Ebony Wright,2025-02-12
69,Audi,Q7,2008,10829,Mary Page,2025-06-02
70,BMW,320i,2019,66052,James Preston,2025-05-20
71,BMW,X3,2000,45499,Gregory Hansen,2025-05-20
72,Audi,A4,2023,57065,Nicolas Dudley,2025-07-12
73,Honda,Accord,2016,25642,Kim Mccoy,2025-09-17
74,Ford,Fiesta,2025,70700,Doris Morrison,2025-08-26
75,Ford,Mustang,2011,17086,David Copeland,2025-01-02
76,Toyota,Prius,2015,41064,Omar Black,2025-01-06
77,BMW,X5,2003,45402,Teresa Nichols,2025-01-01
78,Honda,Accord,2003,28492,Steven Turner,2025-06-22
79,Ford,Fiesta,2008,72274,Jason Lee,2025-10-12
80,Honda,Pilot,2020,65889,Charles Henry,2025-12-01
81,BMW,X3,2012,56851,Candace Cole,2025-07-02
82,Mercedes,E-Class,2021,60418,Brianna Dunn,2025-12-28
83,Ford,Focus,2024,66322,Christie Forbes,2025-07-13
84,Audi,Q5,2021,15144,Lawrence Diaz,2025-02-10
85,Ford,Explorer,2025,55336,Loretta Bailey,2025-02-11
86,Toyota,Camry,2020,11008,Amanda Allen,2025-04-27
87,Audi,A3,2014,65573,Gary Bray,2025-11-18
88,Ford,Explorer,2015,31245,Megan Burch,2025-07-07
89,BMW,M3,2016,31250,Sandra Alvarado,2025-04-05
90,Audi,A4,2000,49098,Paul Brooks,2025-03-15
91,Toyota,RAV4,2024,50549,Kevin Rivera,2025-09-21
92,Toyota,Camry,2012,28730,Aaron Velazquez,2025-09-19
93,Honda,Accord,2015,73499,Nathan White,2025-03-05
94,Honda,Civic,2012,13803,Debra Rodriguez,2025-07-18
95,Ford,Fiesta,2011,59830,Stephanie Wright,2025-08-31
96,Ford,Focus,2021,25663,Jason Ford,2025-04-18
97,Honda,Accord,2023,15375,Lisa Campos,2025-03-02
98,Toyota,Prius,2024,29171,Adam Foster,2025-05-04
99,Ford,Fiesta,2010,42155,Mary Garcia,2025-10-28
100,BMW,M3,2023,59188,Janet Johnson,2025-06-22
101,Mercedes,E-Class,2001,27835,William Nunez,2025-03-25
102,Audi,Q7,2019,35051,Jeff Hicks,2025-03-22
103,Ford,Focus,2011,72441,Dana Jones,2025-04-25
104,Audi,A4,2004,61781,Adam Brewer,2025-06-02
105,Audi,A4,2020,46885,Michael Watson,2025-12-14
106,Ford,Explorer,2016,9268,Kyle Sharp,2025-10-08
107,Mercedes,GLA,2024,64013,Brooke Allen,2025-11-20
108,Toyota,Corolla,2025,9725,Benjamin Rodriguez,2025-11-14
109,Ford,Focus,2003,74610,Samuel Kaufman,2025-06-14
110,Toyota,Camry,2014,65982,Pamela Anderson,2025-07-05
111,Mercedes,GLA,2024,71808,Shannon Martin,2025-04-14
112,Mercedes,GLA,2026,32405,Joan Smith,2025-04-25
113,Ford,Focus,2006,62942,Crystal Hodge,2025-03-25
114,Ford,Mustang,2020,6229,Jessica Matthews,2025-07-04
115,Mercedes,C-Class,2016,44533,Mary Peters,2025-04-25
116,Audi,Q5,2001,8270,Linda Lee,2025-10-25
117,Toyota,RAV4,2014,61789,Christopher Malone,2025-12-07
118,Ford,Explorer,2024,47972,Dustin Hopkins,2025-05-25
119,Audi,Q5,2024,48363,Nicole Murillo,2025-03-22
120,Toyota,RAV4,2026,17507,Tyrone Mays,2025-07-19
121,Toyota,Corolla,2024,64026,Nancy Bruce,2025-12-01
122,Audi,A3,2019,11077,Adam Buck,2025-01-27
123,BMW,320i,2021,44939,Lori Ferguson,2025-08-19
124,BMW,X5,2000,71410,Christian Johnson,2025-08-07
125,Audi,Q7,2011,50321,Justin Bentley,2025-02-27
126,Ford,Mustang,2016,45835,Gary Randall,2025-04-03
127,Toyota,RAV4,2019,59466,Taylor Brown,2025-04-30
128,Toyota,Prius,2014,47248,Aaron Bowman,2025-01-27
129,Audi,A3,2000,58196,Anthony Reed,2025-06-21
130,Mercedes,E-Class,2025,63125,Kim Thomas,2025-01-09
131,Mercedes,E-Class,2008,7812,William Huffman,2025-08-13
132,Audi,A3,2009,13132,Kathy Smith,2025-09-10
133,Audi,A3,2026,75308,Alejandro Johnson MD,2025-04-26
134,Ford,Explorer,2006,79852,Michelle Contreras,2025-09-13
135,Ford,Fiesta,2026,78983,Linda Zimmerman MD,2025-10-24
136,BMW,320i,2022,67893,James Wells,2025-03-28
137,Honda,Pilot,2019,69263,Scott Russell,2025-10-07
138,BMW,320i,2005,10673,Angel Hill,2025-04-24
139,Honda,Pilot,2000,8562,Amy Hester,2025-10-11
140,Toyota,Camry,2013,22583,Rachel Rodriguez,2025-02-25
141,Honda,Accord,2023,18875,Rickey Fields,2025-12-01
142,Audi,Q5,2017,56693,Amanda Koch,2025-10-06
143,Toyota,RAV4,2018,50983,Derek Church,2025-05-27
144,Toyota,Camry,2000,13947,Shane Brewer,2025-12-16
145,Toyota,Corolla,2024,5011,Brian Hernandez,2025-05-13
146,Audi,Q5,2007,23508,Shelley Martin,2025-06-17
147,Audi,A4,2014,42346,Anna Beard,2025-10-29
148,Mercedes,GLE,2022,65886,Scott Mccoy,2025-02-08
149,Toyota,Camry,2003,20349,Jeremy Nelson,2025-08-11
150,Toyota,Camry,2026,51007,Ronald Boyd III,2025-01-08
151,Mercedes,C-Class,2011,19328,William Baker,2025-07-14
152,Ford,Explorer,2021,50268,Jeffrey Hubbard,2025-09-05
153,Mercedes,GLA,2018,61101,Brandon Lucas,2025-12-06
154,Ford,Focus,2002,60088,Meghan Diaz,2025-07-11
155,Mercedes,C-Class,2025,64883,Chad Miller,2025-04-06
156,Mercedes,C-Class,2017,24951,Sydney Maldonado,2025-09-03
157,Audi,Q7,2019,17872,Rachel Flores,2025-12-07
158,Ford,Fiesta,2021,69607,Margaret Lee,2025-10-28
159,Mercedes,GLE,2004,75603,Anthony Bates,2025-07-06
160,Toyota,Corolla,2025,14524,Michelle Watts,2025-10-20
161,Audi,A4,2002,46893,John Vazquez,2025-12-27
162,Mercedes,GLA,2008,63325,Charles Burnett,2025-08-20
163,Toyota,Prius,2013,69603,Matthew Stewart,2025-06-01
164,BMW,320i,2024,71471,Matthew Hendrix,2025-03-06
165,Toyota,Prius,2019,61145,Christina Gentry,2025-11-21
166,Honda,Pilot,2016,79738,Danielle Rivera,2025-04-18
167,Audi,A4,2024,27127,Melissa Thomas,2025-07-21
168,Ford,Fiesta,2001,59675,Daniel Thomas,2025-03-05
169,Mercedes,C-Class,2010,78287,Scott Gray,2025-05-22
170,Ford,Explorer,2011,65780,Ms. Megan Smith,2025-11-09
171,Toyota,RAV4,2020,25650,Jennifer Fowler,2025-06-01
172,Mercedes,C-Class,2012,76808,Julia Myers,2025-11-10
173,Ford,Focus,2025,42445,Kimberly Parker,2025-10-11
174,Toyota,RAV4,2009,36267,Sara Gonzales,2025-07-12
175,Toyota,Prius,2013,56049,Cynthia Day,2025-07-13
176,Toyota,Prius,2013,21830,Ronald Henderson,2025-06-22
177,BMW,M3,2004,8847,Lisa White,2025-02-20
178,BMW,M3,2022,34983,Scott Chambers,2025-11-22
179,Audi,Q5,2015,74184,Eric Singleton,2025-08-07
180,Ford,Mustang,2009,28924,Michael Foley MD,2025-05-25
181,Ford,Explorer,2026,59326,John Garrison,2025-08-19
182,Toyota,RAV4,2001,55794,Megan Hall,2025-01-02
183,Honda,Accord,2001,33442,Cynthia Carter,2025-01-08
184,Mercedes,GLE,2007,75090,Jennifer Reyes,2025-12-09
185,BMW,X5,2016,23532,Rose Jones,2025-10-09
186,Honda,Civic,2015,49861,Michele Mclaughlin,2025-10-26
187,Mercedes,E-Class,2010,35440,Mark Branch,2025-09-17
188,Audi,A4,2003,68537,Erin Matthews,2025-08-19
189,Mercedes,C-Class,2015,16845,Eric Thomas,2025-11-14
190,BMW,X3,2014,25810,Maria Sosa,2025-11-06
191,Toyota,Prius,2002,19513,Susan Williams,2025-05-04
192,Honda,Accord,2023,65462,Matthew Keith,2025-02-27
193,Ford,Focus,2020,49869,Chelsea Butler,2025-03-27
194,Audi,Q7,2017,47202,William Crosby,2025-11-29
195,Audi,Q5,2025,29743,William Yoder,2025-07-26
196,Honda,Civic,2016,33340,Carolyn Parsons,2025-05-17
197,Mercedes,E-Class,2019,51067,Megan Bell,2025-06-26
198,Honda,CR-V,2016,57474,John Calderon,2025-09-26
199,Toyota,RAV4,2018,73926,Anthony Hunter,2025-09-27
200,BMW,X5,2016,19647,Mary Nelson,2025-04-16
201,Mercedes,E-Class,2008,8978,Christopher Wolfe,2025-04-04
202,Ford,Focus,2022,70594,Tyler Snyder,2025-05-08
203,Mercedes,E-Class,2023,11645,Patty Sanchez,2025-06-13
204,Mercedes,C-Class,2010,79051,James Smith,2025-04-21
205,Toyota,Corolla,2006,13968,Jennifer Collins,2025-08-14
206,BMW,X5,2019,31600,Chad Johnson,2025-05-29
207,Mercedes,C-Class,2011,65759,Matthew Maldonado,2025-04-06
208,Toyota,Camry,2025,16453,Sonya Barker,2025-02-12
209,Audi,A4,2012,46443,Andrew Wagner,2025-02-23
210,BMW,X3,2022,52678,Sharon Navarro,2025-05-11
211,Ford,Explorer,2000,13035,Brian Dean,2025-03-24
212,BMW,X3,2019,53560,Sarah Kelly,2025-12-23
213,Mercedes,E-Class,2017,32476,Jacob Miller,2025-02-06
214,BMW,M3,2022,50649,Joshua Sanchez,2025-04-19
215,Mercedes,GLA,2023,26762,Margaret Page,2025-04-05
216,Audi,A3,2008,14187,Jacqueline Wilson,2025-08-25
217,Honda,Civic,2010,44307,Brian Hendricks,2025-04-19
218,Toyota,Prius,2001,69188,Timothy Payne,2025-12-17
219,Toyota,Prius,2020,13777,Anthony Jones,2025-07-02
220,Toyota,Corolla,2024,58904,Mrs. Tammy Williams,2025-11-03
221,Audi,Q7,2005,48855,Anthony Martin,2025-01-03
222,Audi,A3,2024,64827,Rebecca Martinez,2025-07-31
223,Honda,Civic,2022,20374,Jeremy Krueger,2025-09-26
224,BMW,M3,2016,7066,Eric Hart,2025-06-12
225,Honda,CR-V,2021,17178,Joshua Patton,2025-02-24
226,BMW,M3,2007,72123,Christina Floyd,2025-11-29
227,BMW,320i,2017,20635,Christopher Harris,2025-08-03
228,Toyota,Camry,2022,21151,Rebecca Hamilton,2025-11-14
229,Honda,Pilot,2018,23215,Jennifer Gould,2025-12-27
230,BMW,X3,2009,25975,Joanna Turner,2025-04-19
231,Honda,Civic,2009,6893,Ann Meyer,2025-09-30
232,Toyota,RAV4,2015,7704,Jacqueline Price,2025-06-30
233,Toyota,Camry,2019,66619,Sheila Gomez,2025-07-28
234,Mercedes,E-Class,2004,27183,Derrick Clark,2025-07-06
235,Ford,Mustang,2018,51043,Billy Callahan,2025-03-18
236,BMW,X5,2018,47978,Charlotte Scott,2025-04-28
237,Audi,A3,2019,14516,Melissa Pearson,2025-06-27
238,Honda,Civic,2017,26975,Kimberly Bartlett,2025-11-04
239,Honda,Pilot,2026,79185,Mrs. Anne Hart,2025-11-16
240,Ford,Mustang,2004,54011,Mary Robinson,2025-11-05
241,Mercedes,GLA,2026,68086,Cynthia Davis,2025-06-01
242,Audi,Q5,2007,61687,Sheryl Jackson,2025-08-01
243,Mercedes,GLE,2004,29972,Melissa Ellis,2025-01-27
244,Audi,Q5,2005,11794,Debra Houston,2025-04-11
245,Toyota,Camry,2014,65444,Sonya Henderson,2025-05-21
246,Mercedes,E-Class,2022,20421,David Peterson,2025-05-10
247,Toyota,Camry,2016,60300,Chad Thomas,2025-01-31
248,Audi,Q7,2011,68311,Dr. Laura Yoder MD,2025-12-30
249,Honda,Civic,2000,70786,Maria Brown,2025-03-23
250,Audi,A4,2010,20313,David Chapman,2025-01-09
251,Mercedes,GLE,2025,33915,Robert Garcia,2025-01-25
252,Mercedes,GLE,2017,20229,Brandy Martinez,2025-10-28
253,Mercedes,GLA,2024,31167,Kathryn Phillips,2025-03-23
254,Honda,Accord,2007,67164,Alexandra Whitaker,2025-02-13
255,Honda,Accord,2015,69911,Susan Mccormick,2025-09-18
256,Audi,Q7,2010,72410,Logan Jennings,2025-11-29
257,BMW,M3,2002,41314,Susan Brown,2025-03-16
258,Honda,Accord,2022,6625,Laura Anderson,2025-02-14
259,Honda,CR-V,2014,27008,Terry Moran,2025-03-22
260,Honda,Pilot,2006,50095,Steven Hill,2025-06-21
261,BMW,320i,2005,39742,Gabriel Cross,2025-05-01
262,Honda,CR-V,2019,13793,Christian Holmes,2025-08-08
263,Audi,A3,2019,9881,Aaron Ryan,2025-06-23
264,Honda,Civic,2017,65558,Natasha Ward,2025-09-03
265,Toyota,Prius,2012,52467,Kyle Foster,2025-04-10
266,Toyota,RAV4,2012,12267,Debra Black,2025-01-05
267,Toyota,Prius,2021,58895,Jessica Cochran,2025-07-19
268,Ford,Mustang,2019,52635,David Rodriguez,2025-11-11
269,Audi,Q7,2013,40251,Jennifer Green,2025-11-17
270,Toyota,Camry,2000,67541,Shirley Gutierrez,2025-02-28
271,Ford,Explorer,2012,74657,Tyler Santos,2025-11-09
272,Toyota,Prius,2005,52859,Michelle Banks,2025-08-09
273,Mercedes,E-Class,2020,50311,Robert Butler,2025-08-14
274,Audi,A4,2014,41147,William Aguirre,2025-09-05
275,Audi,Q7,2003,63737,Daniel Hunt,2025-09-07
276,Ford,Mustang,2000,53725,Benjamin Dixon,2025-02-05
277,Toyota,Prius,2024,27117,Nicole Diaz,2025-06-09
278,Toyota,Prius,2021,29131,Amy Mack,2025-10-12
279,Ford,Mustang,2003,36399,Matthew Watson,2025-07-29
280,Mercedes,GLA,2021,77441,Kevin Pierce,2025-02-06
281,BMW,X5,2000,57588,David Tucker,2025-07-17
282,BMW,X3,2002,34640,Elizabeth Young,2025-10-13
283,Audi,A4,2000,23161,Kelly Vargas,2025-01-07
284,BMW,X5,2007,57117,Kathleen Williams,2025-06-14
285,Mercedes,C-Class,2020,45595,Madison Joseph,2025-06-28
286,Ford,Explorer,2010,66077,Monique Davis,2025-06-06
287,Ford,Focus,2012,79837,Renee Bradford,2025-03-14
288,Honda,Pilot,2003,41467,Andrew Johnson,2025-01-15
289,Toyota,RAV4,2006,71123,Morgan Lawson,2025-02-22
290,Toyota,Corolla,2014,55557,Sarah Garcia,2025-06-18
291,Ford,Mustang,2011,40403,Lisa Combs,2025-08-22
292,BMW,X5,2016,76405,Kimberly Wilkerson,2025-01-05
293,BMW,M3,2004,74990,Mark Hutchinson,2025-11-28
294,Toyota,Prius,2003,22793,Lacey Harris MD,2025-05-03
295,Honda,Civic,2025,74331,Michelle Young,2025-06-26
296,Mercedes,GLE,2001,60914,Angela Williams,2025-07-29
297,BMW,M3,2015,39154,Felicia Martinez,2025-03-17
298,Mercedes,GLA,2001,66146,Erika Turner,2025-01-16
299,BMW,M3,2012,63312,Jacob Diaz,2025-03-30
300,Mercedes,GLE,2010,17300,Richard Spencer,2025-07-07
301,BMW,320i,2024,76759,Alicia Oliver,2025-10-26
302,Toyota,Camry,2018,21818,Michaela Rivera,2025-03-29
303,Mercedes,GLA,2011,35575,Amanda Johns,2025-08-10
304,BMW,M3,2014,35461,Christopher Hickman,2025-08-03
305,Toyota,RAV4,2019,49635,Douglas Holland,2025-04-07
306,Mercedes,C-Class,2007,72302,Dr. Johnathan Shaw,2025-06-07
307,Mercedes,E-Class,2018,22525,Caitlin Holmes,2025-05-05
308,Audi,A3,2014,36267,Joyce Richmond,2025-04-22
309,Toyota,Corolla,2023,54512,Jessica Bell,2025-07-05
310,Audi,Q5,2011,30400,Ariana Cantu,2025-07-02
311,Toyota,Prius,2026,65239,James Clarke,2025-08-28
312,Honda,Accord,2025,23258,Jennifer Saunders,2025-08-19
313,BMW,X5,2013,51959,Summer Love,2025-12-21
314,Toyota,Camry,2008,69657,David Parker,2025-11-12
315,Toyota,Corolla,2016,55812,Tracey Walsh,2025-12-09
316,Mercedes,C-Class,2017,71010,Mark Sanders,2025-12-08
317,Honda,Civic,2002,72547,Pamela Ali,2025-03-31
318,Toyota,RAV4,2026,61612,Melanie Clark,2025-11-01
319,Ford,Mustang,2004,35586,Tracy Hudson,2025-05-02
320,Toyota,RAV4,2025,66174,Justin Rush DVM,2025-10-07
321,Toyota,RAV4,2008,29917,Katherine Barnes,2025-02-09
322,Toyota,Prius,2011,60119,John Mitchell,2025-06-16
323,Audi,Q7,2012,43892,Kimberly Walker,2025-11-06
324,Mercedes,C-Class,2024,41547,Susan Vance,2025-07-11
325,BMW,X5,2002,10452,Katelyn Rivera,2025-04-02
326,Ford,Mustang,2012,37379,Maurice Cochran,2025-01-28
327,Ford,Focus,2001,71300,Brittany Lee,2025-06-04
328,Honda,Accord,2014,52742,Tara Walls,2025-09-16
329,Toyota,Camry,2009,74736,Omar Perry,2025-02-16
330,Audi,Q7,2000,25708,Jeffery Campbell,2025-09-06
331,Audi,A4,2022,36536,Scott Grant,2025-11-20
332,Audi,A3,2023,48828,Denise Robles,2025-11-12
333,Ford,Explorer,2021,20095,Joshua Combs,2025-07-06
334,Honda,Civic,2015,11886,Heather Hoover,2025-06-10
335,Toyota,Prius,2019,39686,Troy Brewer,2025-07-09
336,Toyota,RAV4,2014,38454,Corey Tucker,2025-01-07
337,Toyota,RAV4,2010,42534,Mark Herrera,2025-04-13
338,Mercedes,E-Class,2013,24357,Glen Harris,2025-02-08
339,Toyota,Corolla,2025,59473,Laura Hall,2025-08-15
340,Toyota,Corolla,2009,19663,Robert Chavez,2025-06-11
341,Ford,Focus,2015,73524,Brian Collins,2025-02-04
342,Audi,A4,2010,76523,Kimberly Garcia,2025-03-01
343,Mercedes,E-Class,2025,67963,Laura Ellis,2025-09-27
344,BMW,X5,2018,27745,Robert Kelly,2025-11-03
345,Mercedes,C-Class,2023,43169,James Myers,2025-10-04
346,Mercedes,GLE,2023,20592,Theodore Mcfarland,2025-12-25
347,Ford,Explorer,2025,27314,Charles Sloan,2025-07-23
348,Ford,Focus,2021,51772,Brett Harris,2025-09-22
349,Audi,Q7,2001,11078,Charles Elliott,2025-09-20
350,BMW,X3,2021,25656,Debra Richardson,2025-03-10
351,Audi,A4,2001,19876,Laurie Coleman,2025-11-28
352,Mercedes,GLE,2026,23898,Karen Bradford,2025-02-23
353,Toyota,Prius,2012,63132,Alicia Matthews,2025-10-25
354,Honda,CR-V,2012,22184,Rhonda Cameron,2025-04-13
355,Ford,Mustang,2005,48390,Debra Woodward,2025-10-30
356,Toyota,Corolla,2020,48683,Joshua Garcia,2025-03-01
357,Toyota,Corolla,2003,71824,Clifford Kelley,2025-09-27
358,Audi,Q5,2009,8055,Christian Padilla,2025-05-07
359,Ford,Focus,2025,60040,Brandon Clark,2025-08-10
360,BMW,M3,2010,26073,Allison Mejia,2025-02-04
361,Ford,Mustang,2010,36113,Ronald Bailey,2025-11-19
362,Ford,Explorer,2025,39404,Donna Strong,2025-07-28
363,Honda,Accord,2021,20672,Jacob Johnson,2025-08-04
364,Toyota,Corolla,2022,45968,Allison Jackson,2025-03-08
365,Toyota,Corolla,2013,76802,Zachary Lowe,2025-11-19
366,BMW,X5,2014,41733,John Thompson,2025-02-14
367,Toyota,Camry,2005,45322,Troy Glover,2025-01-19
368,BMW,M3,2024,25991,Timothy Ross,2025-12-25
369,BMW,M3,2007,56152,Kenneth Murray,2025-07-06
370,BMW,320i,2003,77688,Kyle Pierce MD,2025-02-07
371,Ford,Focus,2010,41923,Alan Flores,2025-03-17
372,Toyota,Prius,2002,16911,Brandon Jackson,2025-03-12
373,Ford,Focus,2025,29598,Eileen Garcia,2025-10-01
374,BMW,320i,2024,49429,Nancy Stanley,2025-10-21
375,BMW,X5,2023,51736,Jacqueline Anderson,2025-05-03
376,Toyota,Camry,2022,27505,Larry Moore,2025-02-25
377,Toyota,Camry,2009,53735,April Mays,2025-09-11
378,Toyota,Corolla,2012,36806,William Reynolds,2026-01-01
379,Audi,A3,2026,63449,Theresa Thomas,2025-01-13
380,Ford,Explorer,2004,21368,Jonathan Ferguson,2025-12-21
381,BMW,M3,2007,69012,Terry Ferguson,2025-12-19
382,Ford,Explorer,2001,68904,Terry Rojas,2025-12-19
383,Audi,Q7,2024,13502,Steven Anderson,2025-08-14
384,Honda,CR-V,2008,21017,Erin Clarke,2025-01-28
385,Mercedes,C-Class,2018,77338,Elizabeth White,2025-10-15
386,Mercedes,GLA,2008,55212,Marcus Mcfarland,2025-02-28
387,Mercedes,C-Class,2004,28104,Megan Graves,2025-09-15
388,Audi,A3,2007,74226,Andrea Lambert,2025-07-27
389,BMW,X5,2014,74414,Tonya Leach,2025-08-06
390,BMW,320i,2011,64465,John Crawford,2025-07-01
391,BMW,X5,2002,65751,Joshua Cox,2025-10-24
392,Audi,Q5,2006,64300,Stephanie Compton,2025-11-29
393,Ford,Explorer,2023,33711,Suzanne Watson,2025-06-03
394,Honda,Civic,2015,43732,Rebecca Ferguson,2025-07-13
395,Honda,Accord,2007,21643,Todd Lopez,2025-05-25
396,Ford,Explorer,2000,35209,Claudia Mejia,2025-10-01
397,BMW,320i,2018,23001,John Conrad,2025-08-19
398,Audi,Q5,2010,28940,Joseph Hayes,2025-11-21
399,Toyota,Camry,2000,39952,Scott Meadows,2025-04-26
400,Toyota,Corolla,2023,6495,Bryan Torres,2025-05-25
401,Mercedes,E-Class,2012,20856,Jacqueline Murphy,2025-12-21
402,Toyota,RAV4,2010,63358,Elizabeth Bailey,2025-04-26
403,BMW,320i,2022,51186,Eric Black,2025-09-12
404,Audi,A3,2008,61146,Gene King,2025-10-13
405,Honda,CR-V,2022,66617,Crystal Evans,2025-12-02
406,Ford,Focus,2003,16872,William Arnold,2025-07-21
407,BMW,320i,2006,78034,Matthew Alvarez,2025-06-18
408,Honda,Pilot,2024,49939,Elizabeth Ford,2025-02-23
409,Honda,CR-V,2021,29803,Donald Brooks,2025-07-10
410,BMW,X3,2017,76762,Samantha Ballard,2025-10-21
411,Mercedes,E-Class,2015,10997,Kyle Miller,2025-01-26
412,Mercedes,GLA,2014,40256,Brittany Stone,2025-10-16
413,Toyota,Prius,2004,5952,Jennifer Jordan,2025-02-21
414,Toyota,Camry,2012,66859,Christine Dunn,2025-04-24
415,Ford,Explorer,2014,40151,Kim Stanton,2025-12-21
416,BMW,X5,2004,29372,Brenda Brown,2025-06-13
417,Mercedes,GLA,2017,59138,Jennifer Cantrell,2025-08-17
418,Audi,A3,2006,28604,Devin Woods,2025-06-24
419,BMW,X3,2021,42633,Megan Petersen DVM,2025-10-31
420,Ford,Fiesta,2005,33107,Rebecca Browning,2025-03-22
421,Audi,A3,2025,71048,Joan Wilson,2025-02-10
422,Ford,Explorer,2002,31754,Gabriel Russell,2025-05-28
423,Audi,A3,2022,16227,Larry Howell,2025-03-01
424,BMW,X3,2002,56049,Joshua Smith,2025-04-12
425,BMW,M3,2003,55851,Daniel Walters,2025-02-11
426,Honda,Accord,2018,22664,Reginald Foster,2025-08-04
427,Audi,Q5,2011,50319,Gregory Smith,2025-09-09
428,BMW,320i,2016,25934,Rebecca Cruz,2025-12-24
429,Audi,A4,2004,18279,Dylan Jensen,2025-12-02
430,Mercedes,GLA,2021,39972,Walter Erickson,2025-02-06
431,Ford,Fiesta,2022,76655,Amber Shah,2025-10-28
432,Honda,CR-V,2011,47873,Alexander Noble,2025-07-19
433,Ford,Focus,2012,38686,Joseph Jackson,2025-05-24
434,Audi,A4,2015,76389,Samantha Johnson,2025-05-09
435,Honda,Accord,2001,76238,Marcus Velazquez,2025-11-26
436,Ford,Fiesta,2003,23816,Emma Wilson,2025-07-25
437,Toyota,RAV4,2018,8662,Elizabeth Baldwin,2025-11-08
438,Ford,Focus,2023,52743,Wendy White,2025-05-02
439,Mercedes,E-Class,2004,9530,Brittany Holder,2025-06-21
440,Mercedes,GLE,2002,77807,Deanna Li,2025-05-22
441,Audi,A4,2020,35347,Andrew Brown,2025-03-31
442,Toyota,Prius,2018,31048,Laura Gonzalez,2025-10-07
443,Toyota,RAV4,2026,31400,Billy Munoz,2025-05-09
444,Honda,Pilot,2012,33658,Richard Mccullough,2025-08-29
445,Mercedes,C-Class,2004,69571,Rebecca Mccarthy,2025-06-18
446,Honda,Civic,2014,44689,Eduardo Johnson,2025-07-09
447,Mercedes,GLE,2015,35791,Emily Taylor,2025-09-17
448,Honda,Civic,2016,47134,Chad Miller,2025-08-11
449,Toyota,RAV4,2020,61408,Elizabeth Davis,2025-04-13
450,Honda,Pilot,2008,25668,Mark Hale,2025-04-01
451,Honda,Civic,2019,59846,Brent Holland,2025-12-23
452,Toyota,Corolla,2009,9571,Kathy Mccormick,2025-06-28
453,Toyota,Camry,2003,78004,Thomas Good,2025-05-03
454,Toyota,Camry,2011,20349,Christopher Turner,2025-08-22
455,Toyota,RAV4,2018,7458,Karen Ramos,2025-08-02
456,BMW,X5,2019,20090,Jacob Lowery,2025-10-18
457,Audi,Q5,2011,35263,Bryan Martin,2025-11-08
458,Toyota,Camry,2008,61523,Steven George,2025-12-16
459,Ford,Mustang,2004,53910,Judith Vazquez,2025-10-08
460,Audi,A4,2013,11952,Jimmy Austin,2025-01-20
461,Ford,Mustang,2013,25934,Connie Myers,2025-09-05
462,Ford,Focus,2016,31790,Kayla Carter,2025-03-08
463,Ford,Focus,2019,20924,Amanda Soto,2025-02-19
464,Ford,Fiesta,2011,55859,Cynthia Hamilton,2025-01-31
465,BMW,M3,2008,33730,Anne Brown,2025-08-07
466,Mercedes,GLA,2013,63704,Christine King,2025-11-25
467,Ford,Explorer,2018,57048,Edward Mathews,2025-04-27
468,Mercedes,C-Class,2006,23919,Kelly Clark,2025-01-12
469,Ford,Fiesta,2025,5633,Monica Lawson,2025-01-02
470,Toyota,Prius,2021,34363,Ryan Dodson,2025-05-06
471,BMW,M3,2004,23326,Kristen Robinson,2025-08-09
472,Mercedes,E-Class,2010,50664,Mark Durham,2025-01-14
473,Toyota,RAV4,2020,74499,David Whitaker,2025-04-12
474,Audi,Q7,2026,53431,Michelle Huang,2025-05-18
475,Ford,Mustang,2019,23893,Autumn Robertson,2025-11-02
476,BMW,X5,2026,12601,Christina Patterson,2025-01-23
477,Mercedes,GLA,2018,72155,Gilbert Wall,2025-03-11
478,BMW,M3,2014,71514,Danielle Schwartz,2025-11-23
479,BMW,X3,2005,66521,Mary Salazar,2025-01-17
480,Mercedes,E-Class,2015,12342,Ruth Melton,2025-09-17
481,Audi,A4,2025,5419,Robert Armstrong,2025-10-21
482,Mercedes,E-Class,2024,50444,Daniel Reese,2025-09-30
483,Audi,Q7,2009,67821,Levi Gonzales,2025-03-31
484,Honda,CR-V,2007,46494,Trevor Perez,2025-04-21
485,BMW,M3,2012,67840,Michael Sullivan,2025-08-25
486,Honda,Pilot,2013,17574,Michael James,2025-11-11
487,Honda,Pilot,2004,46259,Jason Freeman,2025-02-13
488,Honda,Pilot,2021,52415,Jordan Miller,2025-10-20
489,Mercedes,C-Class,2018,55694,Michelle Douglas,2025-01-29
490,Mercedes,C-Class,2008,8653,Wendy Jimenez,2025-06-19
491,Audi,A3,2024,11637,Mrs. Pamela West,2025-05-17
492,Honda,CR-V,2005,26307,Miguel Zimmerman,2025-12-21
493,Ford,Fiesta,2015,38241,Trevor Sanders,2025-10-05
494,BMW,X3,2012,35397,Nicholas Rice,2025-07-11
495,BMW,320i,2001,13013,Kevin Warner,2025-08-26
496,Ford,Explorer,2021,17625,Mrs. Sierra Valenzuela,2026-01-01
497,BMW,X3,2008,77085,Eric Hinton,2025-09-16
498,Ford,Focus,2001,44022,Lisa Hernandez,2025-03-08
499,Toyota,RAV4,2004,52126,Veronica Sims,2025-12-30
500,Toyota,Camry,2005,12137,Terry Bell,2025-04-20
501,Toyota,Prius,2020,47601,David Rivas,2025-11-27
502,Audi,Q7,2025,31784,Jessica Evans,2025-04-18
503,Audi,A4,2008,51291,Jennifer Lopez,2025-01-04
504,Honda,CR-V,2006,58636,Brian Lewis,2025-08-09
505,Honda,Civic,2007,55092,Kayla Carter,2025-01-12
506,Honda,Accord,2015,55664,Bonnie Jimenez,2025-09-15
507,Audi,A3,2003,76756,Glenn Barr,2025-09-13
508,Audi,A3,2004,15663,Steven Ruiz,2025-05-21
509,Mercedes,E-Class,2007,14778,Luis Figueroa,2025-01-14
510,Toyota,Camry,2015,59168,Raymond Ball,2025-06-30
511,BMW,X5,2022,14970,William Smith,2025-05-26
512,BMW,X5,2022,34197,James Cooke,2025-07-24
513,Mercedes,C-Class,2000,18085,William Odom,2025-04-28
514,Ford,Mustang,2000,46231,Cheryl Nelson,2025-09-20
515,Mercedes,C-Class,2014,76719,Stephanie Morgan,2025-05-19
516,Audi,A3,2009,25042,Melissa Parker,2025-05-08
517,Audi,A4,2021,19179,John Hunter,2025-05-20
518,Audi,Q7,2024,34782,Jason Carter,2025-06-10
519,Ford,Mustang,2024,9337,Taylor Vargas,2025-11-11
520,Ford,Fiesta,2002,49182,Ashley Glass,2025-08-11
521,Mercedes,E-Class,2021,40912,Natasha Andrews,2025-09-29
522,Honda,Civic,2010,45560,Jon Marsh,2025-11-24
523,Audi,A3,2011,71918,Julia Garrett,2025-01-21
524,Toyota,RAV4,2013,46217,Michael Freeman,2025-09-16
525,Mercedes,GLA,2021,40674,Joseph Carson,2025-09-06
526,Honda,Civic,2005,36260,Cynthia King,2025-04-23
527,Mercedes,C-Class,2024,57420,Belinda Thomas,2025-01-23
528,Honda,Pilot,2015,79692,Benjamin Terry,2025-11-15
529,BMW,320i,2000,75857,Rhonda White,2025-10-21
530,Audi,A3,2000,37457,Steven Torres,2025-03-27
531,Mercedes,GLA,2001,18543,Brittany Simmons,2025-03-15
532,BMW,M3,2005,25055,Ashley Campbell,2025-10-28
533,Toyota,RAV4,2009,30680,Michael Butler,2025-08-09
534,Audi,Q7,2008,69573,Stephanie Brooks,2025-10-16
535,Honda,CR-V,2014,68628,Charles Montgomery,2025-01-11
536,Mercedes,GLE,2022,16645,Gregory Evans,2025-08-19
537,Mercedes,E-Class,2012,7161,Brian Stevens,2025-11-14
538,Toyota,Prius,2014,13602,Jennifer Hardy,2025-02-24
539,Toyota,RAV4,2012,44740,Glenn Peterson,2025-12-30
540,Audi,A3,2022,72961,Amber Calhoun,2025-03-13
541,BMW,M3,2020,51646,Luke Ross,2025-08-23
542,Honda,Civic,2020,8129,James Bennett,2025-08-11
543,Toyota,Prius,2005,30299,Veronica Nelson,2025-05-08
544,Ford,Fiesta,2025,62021,Ashley Rodriguez,2025-05-20
545,Toyota,Corolla,2024,58380,Jon Bolton,2025-12-11
546,Honda,Pilot,2013,33718,Jeremy Weiss,2025-11-12
547,Audi,Q7,2023,5481,Spencer Green,2025-12-19
548,Audi,A4,2013,37366,Charles Collins,2025-01-15
549,Ford,Focus,2007,74498,James Rodriguez,2025-04-15
550,Honda,CR-V,2024,17784,Mary Miller,2025-09-20
551,BMW,320i,2024,71050,Elizabeth Smith,2025-06-24
552,BMW,320i,2007,19502,Brandon Holmes,2025-01-06
553,Audi,A3,2018,10658,Todd Robles,2025-01-14
554,Audi,A3,2026,71736,William White,2025-02-03
555,Ford,Fiesta,2004,39552,Kelly Reed,2025-05-30
556,BMW,320i,2014,78622,Eric Cuevas,2025-10-28
557,Toyota,RAV4,2025,77549,James Lucas,2025-05-20
558,BMW,M3,2003,42975,Joshua Brown,2025-02-25
559,BMW,320i,2000,41487,Diana Williams,2025-11-10
560,Mercedes,GLA,2023,69373,Brittany Morrow,2025-08-22
561,Ford,Mustang,2006,56706,Jasmine Bauer,2025-10-12
562,Ford,Mustang,2005,63484,Lorraine Pennington,2025-05-24
563,Toyota,Corolla,2000,52174,Elizabeth Tran,2025-09-29
564,Honda,Pilot,2006,62329,Christopher Neal,2025-05-24
565,Honda,Civic,2018,19803,Abigail Ross,2025-08-02
566,Honda,Accord,2020,54468,David Smith,2025-12-07
567,Toyota,Corolla,2014,39903,Nicholas Ross,2025-03-30
568,Honda,Pilot,2004,8824,Bridget Howell,2025-05-30
569,Toyota,Prius,2001,21450,Regina Short,2025-06-27
570,Audi,Q5,2009,8682,Jessica Perry,2025-11-21
571,Audi,Q7,2004,40367,Joel Proctor,2025-01-14
572,Ford,Focus,2012,26284,Angela Harrison,2025-12-22
573,Mercedes,GLA,2013,7652,Jessica Hamilton,2025-03-06
574,Honda,CR-V,2018,57675,Joyce Phillips,2025-04-09
575,Ford,Explorer,2021,26798,Catherine Bonilla,2025-01-25
576,Mercedes,E-Class,2016,8056,Jacqueline Garcia,2025-03-22
577,Toyota,RAV4,2002,75781,Wendy Vega,2025-05-07
578,Mercedes,GLE,2000,25589,Melissa Foster,2025-01-25
579,Toyota,Prius,2019,11373,Jerry Lawson,2025-01-31
580,BMW,M3,2020,9829,Mark Miller,2025-03-14
581,Honda,Pilot,2004,22338,Mrs. Emily Ford,2025-11-09
582,Toyota,RAV4,2025,20540,Gerald Valdez,2025-10-23
583,Audi,A3,2017,71233,David Johnson,2025-12-01
584,Toyota,Prius,2025,11598,Ralph Zamora,2025-06-17
585,Honda,CR-V,2017,61199,Richard Castro,2025-10-25
586,Toyota,RAV4,2005,39713,Rebekah Reed,2025-06-23
587,Mercedes,E-Class,2019,64080,David Velasquez,2025-12-20
588,Honda,CR-V,2009,10702,Anna Joseph,2025-11-11
589,Audi,Q5,2003,63551,Miss Rachel Washington,2025-03-15
590,BMW,320i,2019,5398,Sean Webster,2025-03-27
591,Ford,Focus,2000,5646,Devin Stanton,2025-11-17
592,BMW,M3,2016,34828,Jackson Harris,2025-03-13
593,Honda,Pilot,2020,21989,Erik Adams MD,2025-10-31
594,Audi,Q7,2021,34095,Tyler Vargas,2025-09-21
595,Mercedes,GLA,2014,64335,Victoria Robinson,2025-01-11
596,Honda,CR-V,2000,55703,Christine Green,2025-11-01
597,Audi,Q5,2025,20812,Justin Clayton,2025-12-09
598,Mercedes,GLE,2020,39280,Justin Fisher,2025-05-29
599,Ford,Mustang,2024,66304,Thomas Dillon,2025-08-30
600,Honda,Pilot,2016,16887,Jesse Nguyen,2025-11-08
601,Ford,Mustang,2005,60519,Matthew Rivers DDS,2025-12-22
602,Honda,Accord,2007,45936,Shirley Davis,2025-07-01
603,Mercedes,C-Class,2004,19091,Sara Romero,2025-12-12
604,Toyota,Corolla,2019,45748,Lynn Gonzalez,2025-06-01
605,Mercedes,GLE,2005,21448,Holly Ross,2025-06-09
606,Honda,Civic,2016,79014,Trevor Galvan,2025-06-15
607,Ford,Fiesta,2010,9996,Sarah Bell MD,2025-12-15
608,Honda,Civic,2007,44398,Jay Phillips,2025-11-11
609,Honda,Civic,2014,30002,David Vargas,2025-01-23
610,BMW,M3,2000,5596,Jessica Mills,2025-12-21
611,BMW,M3,2004,22359,Edwin Walsh,2025-01-11
612,Ford,Fiesta,2019,72921,Julia Jones,2025-02-11
613,Audi,Q7,2018,5947,Melissa Davis,2025-12-25
614,Ford,Focus,2003,47033,Samantha Monroe,2025-06-21
615,Audi,A4,2021,5161,Vincent Smith,2025-03-22
616,Honda,Pilot,2023,34479,Michelle Dunn,2025-06-20
617,Mercedes,GLE,2005,43894,Alexander Martinez,2025-08-04
618,Audi,Q5,2011,44372,Amy Gonzales,2025-05-25
619,Mercedes,GLE,2017,57286,Ebony Chung MD,2025-05-23
620,BMW,X5,2014,20617,Ronald Odonnell,2025-10-09
621,Mercedes,C-Class,2000,42114,William Nguyen,2025-11-02
622,Toyota,Prius,2018,24903,Stephanie Burke,2025-07-06
623,Honda,Pilot,2004,61290,Fernando Sutton,2025-03-06
624,Audi,A4,2006,12919,Mary Robinson,2025-10-10
625,Mercedes,GLA,2025,43799,Brent Gonzalez,2025-08-21
626,BMW,M3,2006,10090,Allison Stanley,2025-08-03
627,Ford,Focus,2016,33678,William Harris,2025-12-06
628,Honda,Civic,2024,64350,Lisa Owens,2025-09-23
629,Honda,Civic,2010,38160,Rebecca Kemp,2025-08-23
630,Audi,A3,2017,60157,Kimberly Brown,2025-08-16
631,Audi,Q5,2018,32450,Charles Martinez,2025-11-16
632,Toyota,Camry,2021,58249,Samuel Pitts,2025-04-21
633,Mercedes,C-Class,2021,69916,Sarah Andrade,2025-03-03
634,Ford,Mustang,2006,7845,Debbie Mcintyre,2025-03-05
635,Mercedes,GLE,2020,38668,Ronald Gomez,2025-02-18
636,Ford,Fiesta,2026,71378,William Johnson,2025-10-04
637,Mercedes,GLE,2002,21098,Kyle Stewart,2025-05-16
638,Ford,Fiesta,2016,61969,Timothy Hunt,2025-07-30
639,Mercedes,GLA,2008,72006,Nathan Howard,2025-06-15
640,Mercedes,C-Class,2016,25631,Patrick Rose,2025-10-03
641,Mercedes,E-Class,2021,39284,Michael Wright,2025-04-13
642,BMW,X3,2010,61164,William Adams,2025-06-22
643,Mercedes,GLA,2015,45622,Lisa Gonzales,2025-06-23
644,Honda,Accord,2007,24865,Anthony Martin,2025-02-06
645,Mercedes,C-Class,2011,23980,Jesse Bailey,2025-02-05
646,BMW,X5,2007,55305,Kimberly Burke,2025-11-17
647,BMW,X3,2015,9454,Erik Moreno,2025-10-26
648,Toyota,Corolla,2004,5878,Matthew Mcconnell,2025-02-03
649,BMW,X3,2000,35054,Michael Brown,2025-01-05
650,BMW,X3,2005,45449,Lisa Burke,2025-11-07
651,Honda,CR-V,2019,38634,Ms. Kelsey Frye MD,2025-12-20
652,Ford,Focus,2022,12978,Wendy Glenn,2025-06-15
653,Mercedes,GLE,2014,25138,Dorothy Fritz,2025-07-05
654,BMW,320i,2002,18962,Tara Stewart,2025-11-04
655,Honda,Civic,2019,38647,Nancy Jones,2025-11-09
656,Mercedes,C-Class,2016,24706,Michael Flores,2025-02-04
657,Audi,Q5,2011,63025,Jason Fisher,2025-11-21
658,Toyota,RAV4,2014,25857,Jacob Mitchell,2025-04-22
659,Mercedes,E-Class,2019,21571,Dale Hansen,2025-07-09
660,BMW,320i,2004,72106,Matthew Young,2025-08-21
661,Toyota,Corolla,2026,30559,Lisa Warner,2025-06-10
662,BMW,M3,2026,53485,Kristy Mills,2025-02-24
663,BMW,320i,2025,35371,Teresa Jenkins,2025-11-01
664,Audi,Q5,2006,75555,Dorothy Brown,2025-04-12
665,Audi,A3,2008,67125,Morgan Munoz,2025-04-07
666,Mercedes,GLE,2007,29330,Scott Rich,2025-12-01
667,Honda,Pilot,2010,28420,Sandra Miller,2025-01-21
668,Toyota,Prius,2021,77583,Sabrina Ayers,2025-02-18
669,Ford,Mustang,2022,31440,Donna Perry,2025-09-07
670,BMW,X5,2011,28545,Danielle Acosta,2025-06-15
671,Mercedes,GLA,2015,24268,William Davidson,2025-10-15
672,Mercedes,C-Class,2003,43430,Cheryl Crane,2025-04-22
673,Audi,A3,2011,54166,Janet Torres,2025-06-28
674,Toyota,Prius,2017,41735,Martin Lewis,2025-05-03
675,Audi,A4,2022,69515,Matthew Boyd,2025-08-14
676,BMW,M3,2014,53068,Christopher Thompson,2025-08-09
677,Mercedes,E-Class,2024,33255,Todd Fuller,2025-02-26
678,Mercedes,C-Class,2014,18575,Rhonda Green,2025-01-01
679,Ford,Fiesta,2012,69428,Robin Waller,2025-10-07
680,Mercedes,GLE,2014,30825,Brandon Cruz,2025-08-01
681,Audi,A3,2019,72436,Jacob Bowers,2025-06-04
682,BMW,X5,2017,50249,William Bennett,2025-03-13
683,Mercedes,GLA,2008,41551,Donald Carter,2025-08-15
684,BMW,M3,2001,76761,Karen Thompson,2025-11-04
685,Mercedes,GLE,2003,75543,Karen Wells,2025-04-22
686,Toyota,Corolla,2025,34269,Eric Skinner,2025-05-22
687,Honda,Civic,2015,49798,Kimberly Doyle,2025-05-19
688,BMW,X3,2015,42048,Ray Garcia,2025-07-26
689,Ford,Mustang,2026,71292,Ronald Wilson,2025-12-05
690,Audi,A3,2011,42324,Timothy Rodriguez,2025-01-22
691,Mercedes,GLE,2024,60864,Rebecca Franklin,2025-03-17
692,Honda,Pilot,2025,21848,Marilyn Jones,2025-10-25
693,Audi,Q5,2020,33000,Brian Benton,2025-12-14
694,BMW,M3,2018,42446,Kirsten Rose,2025-12-07
695,BMW,X5,2022,69415,Michael Buck,2025-09-11
696,Ford,Explorer,2010,61468,Destiny Smith,2025-06-08
697,Audi,Q5,2015,21804,Sandra Reed,2025-05-21
698,Mercedes,GLE,2019,15049,Susan Griffith,2025-05-14
699,Toyota,Prius,2000,10799,Amy Taylor,2025-08-04
700,Ford,Focus,2004,6732,Ronnie Morton,2025-09-14
701,Ford,Focus,2024,10491,Amy Phillips,2025-05-21
702,Mercedes,E-Class,2012,58028,Kayla Reyes,2025-07-31
703,BMW,320i,2009,44502,Christopher Christensen,2025-08-31
704,Ford,Fiesta,2017,41308,Christina Carter,2025-08-18
705,BMW,M3,2013,23090,Michael Baker,2025-12-11
706,Toyota,Camry,2017,55684,Christopher Hunt,2025-08-15
707,Ford,Focus,2004,8101,James Burton III,2025-09-04
708,Honda,Accord,2003,35777,Elizabeth Smith,2025-01-14
709,Mercedes,C-Class,2019,9853,Darrell Duarte,2025-11-11
710,BMW,M3,2026,75118,Joyce James,2025-02-21
711,Mercedes,GLA,2018,52661,Joseph Jackson,2025-02-06
712,Audi,A3,2017,10791,Patrick Williams,2025-08-08
713,Ford,Explorer,2021,25482,Patricia Reed,2025-05-06
714,BMW,M3,2004,57164,Bethany Harris,2025-02-27
715,Audi,A4,2002,49707,Daniel Smith MD,2025-02-05
716,Ford,Explorer,2022,36040,Carolyn Kim,2025-11-08
717,Toyota,Prius,2006,47085,Thomas Roberts,2025-12-17
718,Ford,Explorer,2020,43104,Lisa Matthews,2025-12-26
719,Honda,Pilot,2016,37986,Rebecca George,2025-03-23
720,BMW,320i,2007,12801,Erica Smith,2025-12-18
721,Audi,A3,2002,51733,Maurice Noble,2025-06-10
722,BMW,X3,2011,26172,Kevin Pitts,2025-02-02
723,Ford,Focus,2006,48733,Mary Moore,2025-10-01
724,Audi,Q7,2000,23927,Chelsea Lester,2025-01-19
725,Mercedes,GLE,2019,21240,Daniel Moss,2025-02-15
726,Toyota,Prius,2006,29262,Vicki Medina,2025-09-21
727,Ford,Focus,2012,54182,Larry Barnes,2025-09-25
728,Audi,Q7,2000,17227,Olivia Harris,2025-07-23
729,BMW,320i,2021,13152,Amy Clark,2025-02-13
730,Ford,Fiesta,2025,35664,Lauren Costa,2025-08-24
731,Audi,A4,2025,15771,Victoria Curry MD,2025-08-14
732,Ford,Explorer,2007,40564,Mark Smith,2025-05-24
733,BMW,X3,2021,61445,Courtney Anderson,2025-07-16
734,Audi,Q7,2001,58617,Dominique Love,2025-07-22
735,Audi,Q5,2025,6525,Amanda Jimenez,2025-08-31
736,Honda,Accord,2017,50392,Susan Leblanc,2025-03-22
737,BMW,320i,2013,33678,Joseph Patterson,2025-02-27
738,Ford,Focus,2019,6685,Kayla Beck,2025-07-06
739,Audi,Q7,2013,72640,John Spencer,2025-12-08
740,BMW,M3,2026,66372,Laura Edwards,2025-11-01
741,Mercedes,GLA,2026,8933,Christina Green,2025-09-20
742,Honda,Accord,2001,25428,Joseph King,2025-04-14
743,Toyota,Camry,2017,29323,Kristen Mitchell,2025-08-13
744,Toyota,Camry,2014,44534,Franklin May,2025-04-01
745,Toyota,RAV4,2006,75415,Larry Delgado,2025-06-27
746,Honda,Civic,2002,56277,Adam Edwards,2025-03-28
747,Mercedes,GLA,2004,45030,Joshua Nguyen,2025-06-23
748,Mercedes,E-Class,2012,47813,Richard Sutton,2025-05-09
749,Ford,Fiesta,2023,50554,Sarah Gordon,2025-07-11
750,Mercedes,GLE,2013,62865,Thomas Williams,2025-11-12
751,Audi,Q7,2014,9091,Roy Shea,2025-12-25
752,Audi,A3,2014,15794,Jennifer Mitchell,2025-08-21
753,Mercedes,E-Class,2013,15065,Joseph Kidd,2025-09-13
754,BMW,320i,2010,64746,Austin Thompson,2025-06-15
755,Honda,Civic,2013,35248,Sara Foster,2025-06-13
756,Mercedes,E-Class,2011,56152,Jason Hudson,2025-07-28
757,Honda,Pilot,2020,66701,Travis Preston,2025-07-24
758,Audi,Q5,2015,63470,Brett Green,2025-08-21
759,BMW,M3,2015,9556,Jeremy Aguilar,2025-06-12
760,Audi,Q7,2023,9675,Matthew Smith,2025-03-11
761,Toyota,Corolla,2006,20739,Anthony Lee,2025-08-20
762,Honda,Civic,2025,69048,Jenna Hernandez,2025-06-16
763,BMW,320i,2020,62182,Jose Rogers,2025-09-19
764,Honda,Accord,2022,70784,Roger Ortega,2025-05-20
765,Toyota,Prius,2025,61016,Jeremiah Joyce,2025-05-21
766,BMW,M3,2015,27512,Christopher Watson,2025-12-08
767,Mercedes,C-Class,2003,30440,Jennifer Morris,2025-05-14
768,Ford,Explorer,2008,57333,Christopher Cruz,2025-03-20
769,Audi,A4,2025,51612,Jennifer Jones,2025-09-15
770,Ford,Explorer,2001,42980,Rachel Castillo,2025-11-26
771,Honda,Accord,2009,5317,Elizabeth Bishop,2025-08-27
772,Toyota,Prius,2001,45390,Carolyn Daniels,2025-05-10
773,Audi,A3,2007,75319,Tina Rodriguez,2025-12-26
774,Honda,Accord,2010,48226,Bradley Rogers,2025-09-20
775,Ford,Fiesta,2018,12329,Felicia Arnold,2025-06-16
776,Toyota,Camry,2023,62794,Elizabeth Sharp,2025-06-30
777,Audi,Q5,2002,20097,Lindsey Lewis,2025-12-25
778,Ford,Explorer,2020,10126,Dennis Gonzales,2025-07-31
779,Audi,Q5,2013,11591,Matthew Rivera,2025-06-04
780,Toyota,Corolla,2003,11901,Jessica Carpenter,2025-05-21
781,BMW,X3,2026,22645,Ronald Watson,2025-05-07
782,Mercedes,E-Class,2013,55209,Kayla Gonzales,2025-07-01
783,BMW,320i,2009,32304,Beverly Carrillo,2025-08-21
784,Audi,Q5,2015,21417,James Cox,2025-02-26
785,BMW,X3,2019,11631,Ruth Cooper,2025-01-17
786,Ford,Mustang,2005,20306,David Myers,2025-03-14
787,Ford,Mustang,2006,75114,Mark Allison,2025-03-15
788,Honda,Pilot,2014,36203,Michael Lopez,2025-03-13
789,Honda,Pilot,2000,50036,Lori Buckley,2025-09-13
790,BMW,X3,2007,71935,Nicole Roman,2025-01-12
791,Mercedes,GLA,2006,45646,Max Sullivan,2025-11-18
792,Audi,Q5,2025,52628,Joshua Juarez,2025-01-13
793,BMW,320i,2017,52070,Anthony Porter,2025-07-31
794,Toyota,Prius,2019,29750,Tiffany Whitehead,2025-08-08
795,BMW,320i,2011,73878,Samantha Martin,2025-05-12
796,Ford,Focus,2010,31986,William Faulkner,2025-10-01
797,Ford,Mustang,2008,63338,James Lopez,2025-12-23
798,Toyota,RAV4,2016,53699,Richard Beck,2025-04-21
799,Audi,Q5,2020,71421,Michael Johnson,2025-01-07
800,Audi,Q7,2018,38356,Rachael Stein,2025-12-06
801,Honda,Pilot,2009,22460,John May,2025-03-08
802,Audi,Q7,2021,18640,Gabriel Thompson,2025-04-25
803,BMW,M3,2005,73450,Mary Mathews,2025-02-16
804,BMW,X5,2007,62330,Carol Whitehead,2025-05-19
805,Honda,Civic,2020,30555,John Knapp,2025-04-26
806,BMW,X3,2024,69022,Mitchell Lewis,2025-07-07
807,Audi,A4,2024,71484,Vincent Holland,2025-05-18
808,Mercedes,GLE,2000,61163,Kevin Murray,2025-03-22
809,Audi,A3,2026,48377,Crystal Olsen,2025-07-01
810,Audi,Q7,2005,16610,Chris Harris,2025-09-16
811,Ford,Fiesta,2023,48396,Jeremiah Mitchell,2025-04-30
812,Ford,Explorer,2011,12982,Linda Moore,2025-12-10
813,Toyota,Corolla,2010,78102,Tom Gibson,2025-09-08
814,BMW,320i,2025,58415,Michael Kane,2025-06-05
815,BMW,320i,2000,21591,Michelle Edwards,2025-06-17
816,Honda,CR-V,2013,55881,Sheila Garcia,2025-09-28
817,Toyota,Camry,2019,78175,Brian Anderson,2025-05-01
818,Mercedes,GLA,2003,35250,Laura Trujillo,2025-08-14
819,Honda,Pilot,2005,58174,Laura Cooper,2025-10-04
820,Honda,Pilot,2021,46484,Gregory Martinez,2025-06-02
821,Toyota,Camry,2004,60078,Emily Brown,2025-06-15
822,BMW,M3,2012,37976,Richard Chapman,2025-02-28
823,Honda,Accord,2013,38757,Nancy Rose,2025-10-20
824,Ford,Focus,2014,35135,Joseph Powers,2025-10-24
825,Audi,Q5,2015,31028,Tracy Powell,2025-06-23
826,Toyota,Camry,2019,5933,Sarah Cross,2025-03-27
827,BMW,320i,2007,44329,Danny Cunningham,2025-10-12
828,BMW,M3,2008,40169,Monica Cole,2025-06-29
829,BMW,X5,2024,52076,Christy Hunt DVM,2025-09-07
830,Honda,Civic,2014,34456,Alexander Barber,2025-04-20
831,Ford,Fiesta,2016,27708,Michael Ruiz,2025-05-25
832,Toyota,RAV4,2022,9208,Patrick Smith,2025-12-30
833,BMW,X5,2003,76418,Keith Rodriguez,2025-03-30
834,Ford,Mustang,2000,47072,Ryan Taylor,2025-08-18
835,Toyota,RAV4,2006,22357,Miranda Pruitt,2025-02-07
836,Toyota,Camry,2020,40323,Jimmy Taylor,2025-04-17
837,BMW,320i,2022,64168,Frederick Williams,2025-02-28
838,Honda,Civic,2018,64509,Danielle Ewing,2025-11-17
839,BMW,320i,2005,25706,Austin Robinson,2025-06-09
840,Mercedes,E-Class,2001,17914,Katherine Spencer,2025-06-05
841,Audi,A3,2013,47611,Austin Newton,2025-06-07
842,BMW,X3,2026,29466,Joshua Ward,2025-04-13
843,Ford,Fiesta,2014,13016,Lisa Herrera,2025-02-23
844,Honda,CR-V,2020,26320,Peter Bradford,2025-03-28
845,Ford,Focus,2001,50346,Mikayla Ramirez,2025-05-30
846,BMW,X3,2000,54887,Ricardo Jones,2025-08-22
847,BMW,320i,2021,25403,Austin Simmons,2025-05-07
848,Ford,Mustang,2002,70076,Eric Flynn,2025-05-25
849,BMW,M3,2008,36912,Robert Mason,2025-10-02
850,Honda,Pilot,2021,12796,Laura Rojas,2025-08-21
851,BMW,320i,2010,64173,James Aguilar,2025-09-20
852,Audi,A3,2013,68917,Natalie Porter,2025-04-20
853,BMW,320i,2001,32491,Jeanette Velazquez,2025-04-04
854,BMW,X3,2004,35513,Shane Ray,2025-09-27
855,Toyota,RAV4,2023,76403,Brandon Price,2025-12-12
856,Mercedes,GLA,2012,38879,Victor Reynolds,2025-02-16
857,Audi,A3,2023,67169,Terrence Richard,2025-03-23
858,Ford,Focus,2016,10726,Jessica Williams,2025-04-14
859,BMW,M3,2009,24197,David Doyle,2025-06-20
860,Honda,Accord,2026,38010,Richard Leblanc,2025-03-09
861,Audi,A3,2023,35449,Linda Newman,2025-10-30
862,Mercedes,GLE,2012,64140,Kyle Hull,2025-04-02
863,Ford,Focus,2017,77424,David Richards,2025-06-29
864,BMW,X5,2025,61980,Karen Burton,2025-10-20
865,Honda,Accord,2008,56869,Brandon Waters,2025-11-27
866,BMW,320i,2002,70724,Sandra Mccormick,2025-07-15
867,Toyota,Prius,2017,50924,Jennifer Holt,2025-06-24
868,BMW,M3,2004,64004,Matthew Johnson,2025-10-05
869,Honda,CR-V,2019,13646,Abigail Long,2025-03-14
870,BMW,320i,2002,61635,Diana Herrera,2025-04-01
871,Toyota,RAV4,2016,8965,Sean Lane,2025-10-16
872,Honda,CR-V,2021,38708,Melanie Henderson,2025-03-20
873,Toyota,RAV4,2021,34037,Kristin Rubio,2025-05-22
874,Toyota,Camry,2016,47311,Cynthia Adkins,2025-07-13
875,BMW,M3,2014,7390,Thomas Hodge,2025-12-21
876,Audi,A4,2012,33150,Sabrina Oneal,2025-08-15
877,Ford,Mustang,2016,35500,Donna Patel,2025-10-04
878,Audi,A4,2021,5349,Felicia Chavez,2025-05-12
879,Toyota,Prius,2000,30160,Ronald Schmidt,2026-01-01
880,Audi,A3,2016,15097,Brenda Howell,2025-07-05
881,BMW,M3,2015,27198,Sarah Fisher,2025-12-03
882,Toyota,Prius,2018,66445,Joseph Edwards,2025-12-29
883,BMW,M3,2018,17977,Melissa Villa,2025-01-09
884,Toyota,RAV4,2014,22997,Joseph Johnson,2025-05-23
885,Audi,A4,2018,27459,Carlos Fisher,2025-05-07
886,Mercedes,GLA,2011,12852,John Gordon,2025-06-08
887,Honda,Accord,2019,55766,Kara Scott,2025-08-31
888,Audi,Q5,2015,23765,Darlene Foster,2025-12-01
889,Ford,Mustang,2017,15125,Laura Palmer,2025-05-07
890,Toyota,Corolla,2023,31956,Cassandra White,2025-02-24
891,Mercedes,GLA,2019,37066,Catherine Mcconnell,2025-08-24
892,Toyota,Prius,2011,34616,Jeffrey Booth,2025-02-10
893,Ford,Focus,2009,21966,Kim Campos,2025-05-03
894,Toyota,Corolla,2022,75350,Vernon Rubio,2025-02-15
895,Honda,Pilot,2010,40127,Spencer Dorsey,2025-05-16
896,Honda,CR-V,2021,73249,Christopher Roach,2025-07-19
897,Honda,Civic,2008,44657,Sherry Davidson,2025-01-08
898,Mercedes,GLA,2011,25584,Jason Simmons,2025-08-18
899,Audi,Q5,2002,25384,Mary Blake,2025-09-18
900,Honda,CR-V,2002,64540,Sean Smith,2025-06-09
901,BMW,X5,2002,21478,Neil Wheeler Jr.,2025-12-29
902,Ford,Fiesta,2015,45215,Cynthia Gordon,2025-12-20
903,Audi,A4,2015,72539,Eric Smith,2025-07-17
904,Toyota,RAV4,2013,47828,Alyssa Lucero,2025-12-06
905,Ford,Focus,2011,24116,Tony Mckay,2025-04-05
906,BMW,M3,2013,55215,Richard Davidson,2025-09-09
907,Honda,Accord,2003,42713,Austin Chase,2025-01-25
908,Toyota,Prius,2020,12167,William Hull,2025-06-22
909,Audi,A3,2010,15024,Christopher Fleming,2025-03-23
910,Honda,Pilot,2011,46658,David Cruz DDS,2025-03-18
911,Mercedes,GLE,2004,62500,Samuel Graham,2025-10-17
912,Ford,Explorer,2005,5600,Joshua Tran,2025-10-30
913,Mercedes,GLA,2025,23031,Susan Smith,2025-06-19
914,BMW,X3,2026,56109,Michelle Church,2025-03-24
915,Audi,Q7,2007,22602,Kimberly Morrison,2025-11-09
916,Honda,CR-V,2016,38183,Anna Holmes,2025-07-27
917,Audi,Q7,2006,68104,Kayla Richardson,2025-12-04
918,Toyota,RAV4,2014,38360,Carly Bowers,2025-08-20
919,Mercedes,GLA,2024,10134,Samantha Williams,2025-07-07
920,Audi,A3,2004,41504,Brenda Sullivan,2025-08-14
921,BMW,M3,2019,79172,Kelly Collier,2025-07-16
922,Audi,A4,2000,60977,Margaret Adams,2025-08-27
923,Mercedes,C-Class,2023,38494,Jimmy Robinson,2025-03-08
924,BMW,M3,2010,23981,Dave Tran,2025-11-23
925,Audi,Q5,2026,11513,Jeffrey Glover,2025-05-25
926,Audi,A4,2006,30791,Bonnie Hopkins,2025-12-02
927,Audi,Q7,2026,71445,Jared Hart,2025-11-02
928,Toyota,RAV4,2017,25168,Patricia Garcia,2025-07-26
929,Toyota,RAV4,2019,73311,Ryan Johnson,2025-11-01
930,Toyota,Corolla,2012,36624,Gloria Hill,2025-08-31
931,Audi,A4,2007,76375,David Allen,2025-06-22
932,Ford,Fiesta,2001,33464,Crystal Shannon,2025-01-25
933,Mercedes,C-Class,2007,44149,Anthony Davenport,2025-03-13
934,Ford,Fiesta,2021,52730,Norma Castro,2025-01-07
935,Audi,Q7,2002,76782,Molly Vasquez,2025-12-29
936,Honda,CR-V,2007,24574,Crystal White,2025-05-11
937,BMW,X3,2020,54432,Sandy Hawkins,2025-03-26
938,BMW,X5,2020,55372,Ashley Lane,2025-07-22
939,BMW,X3,2003,11150,Mary Perez,2025-01-15
940,Toyota,Corolla,2019,18656,Patrick Skinner,2025-01-27
941,BMW,320i,2013,63915,Michael Wright,2025-01-30
942,BMW,M3,2025,42609,Edward Hopkins,2025-10-29
943,BMW,X3,2007,26654,Denise Perez,2025-05-03
944,Toyota,Camry,2009,57074,Ian Harper,2025-10-13
945,Honda,Accord,2011,56519,Michelle Woodard,2025-08-04
946,Toyota,Prius,2021,16784,Jack Gray,2025-11-09
947,Audi,A4,2008,6489,Shari Shaw,2025-08-04
948,Honda,Accord,2004,15409,Kurt Ellis,2025-11-28
949,Mercedes,C-Class,2017,79535,Nancy Thompson,2025-04-12
950,Toyota,Prius,2023,33226,Matthew Martinez,2025-05-31
951,Toyota,Corolla,2020,42930,Shelly Khan,2025-02-15
952,Mercedes,GLA,2012,53937,Courtney Evans,2025-12-26
953,Audi,A3,2003,58061,Paul Mason,2025-01-23
954,Audi,A3,2009,66070,Kerry Thomas,2025-08-18
955,Mercedes,E-Class,2009,22502,Jacob Booth,2025-11-25
956,Audi,Q7,2025,55007,Haley Gibbs,2025-03-31
957,Honda,Civic,2008,63014,Jaime Higgins,2025-02-23
958,Ford,Fiesta,2022,67160,Joshua Williams,2025-11-11
959,Toyota,RAV4,2016,40854,Gregory Hill DDS,2025-08-29
960,Mercedes,C-Class,2021,57790,David Lewis,2025-12-20
961,Ford,Fiesta,2026,25176,Mitchell Watson,2025-05-17
962,Honda,Civic,2025,29983,Eric Brown,2025-05-14
963,Toyota,Corolla,2010,37629,Aaron Floyd,2025-01-28
964,Audi,A4,2025,67034,Marvin Chase,2025-09-05
965,Audi,Q5,2025,37326,Steven Butler,2025-04-16
966,Mercedes,GLE,2021,20698,Rodney Thompson,2025-06-01
967,Ford,Explorer,2014,45199,Jessica Montgomery,2025-01-03
968,Audi,A4,2016,18659,Joseph Black,2025-11-28
969,Ford,Focus,2025,37776,Nicholas Gould,2025-08-17
970,Mercedes,GLE,2025,61824,Matthew Bernard,2025-07-18
971,Audi,Q5,2026,22980,Kathleen House,2025-05-02
972,Ford,Mustang,2011,64007,Diamond Garcia,2025-06-16
973,BMW,320i,2000,41629,Sandra Riley,2025-05-22
974,Honda,CR-V,2011,51025,Nicole Wheeler,2025-10-27
975,Mercedes,GLE,2001,8376,Ann Wilson,2025-02-09
976,Mercedes,GLA,2023,32838,Heather Perry,2025-05-07
977,Mercedes,GLA,2026,22394,Juan Lozano,2025-09-22
978,Honda,Civic,2009,13971,Cody Miller PhD,2025-05-06
979,BMW,X5,2019,22308,Jason Buck,2025-05-04
980,Audi,Q5,2022,34947,Corey Cruz,2025-11-04
981,Audi,A4,2016,76396,Steven Bell,2025-03-05
982,Mercedes,GLE,2019,61327,Hannah Graham,2025-01-11
983,Ford,Explorer,2018,44700,Jose Gonzalez,2025-12-03
984,Ford,Mustang,2023,23262,Michael Smith,2025-05-20
985,Audi,Q5,2018,40049,Tara Norman,2025-09-05
986,Audi,Q7,2025,71732,Daniel White,2025-04-19
987,Honda,Pilot,2005,79140,Michael Tran,2025-09-27
988,Ford,Mustang,2013,10358,William Osborne,2025-08-04
989,Audi,Q5,2002,54337,Jennifer Jackson,2026-01-01
990,Audi,A3,2023,28666,Wesley Velez,2025-06-23
991,Honda,Accord,2020,55574,Brian Harmon,2025-03-27
992,BMW,X3,2022,24062,Jerry Baker,2025-02-12
993,Ford,Explorer,2015,32524,John Hudson,2025-08-17
994,Toyota,Camry,2020,70985,James Holland,2025-09-13
995,BMW,X3,2010,54995,Danielle Coleman,2025-06-27
996,BMW,M3,2005,32833,Amy Ellis,2025-01-16
997,Mercedes,E-Class,2026,17942,Megan Black,2025-07-16
998,Ford,Explorer,2021,64857,Richard Brown,2025-11-28
999,Toyota,RAV4,2005,28096,Raven Patel DDS,2025-09-02
1000,Toyota,Corolla,2005,36249,Christina Carroll,2025-10-31
